{"cameraMode":{"drawMode":0,"name":"Shaded","section":"Shading Mode"},"sceneLighting":true,"audioPlay":false,"sceneViewState":{"showFog":true,"showMaterialUpdate":false,"showSkybox":true,"showFlares":true,"showImageEffects":true,"showParticleSystems":true},"in2DMode":false,"pivot":{"x":244.41427612304688,"y":275.1788635253906,"z":15.822509765625},"rotation":{"x":-0.05424058437347412,"y":-0.03983350843191147,"z":0.0021569211967289449,"w":-0.9977379441261292},"size":1160.1558837890625,"orthographic":false}